ms	runner_count	runner_rss_kb	total_muzen_related_rss_kb
1780795708710	0	0	5184
1780795709020	0	0	7056
1780795709334	2	58048	194656
1780795709649	2	58048	199584
1780795709966	2	58048	199584
1780795710278	2	58048	199584
1780795710594	2	58048	199584
1780795710918	2	58048	199584
1780795711238	2	58048	199584
1780795711549	2	58048	199584
1780795711871	2	58048	199600
1780795712197	2	58048	199600
1780795712517	2	58048	199600
1780795712833	1	31520	102144
1780795713151	1	31584	137904
1780795713471	1	31584	137904
1780795713794	1	31584	137904
1780795714112	1	31584	137904
1780795714433	1	31584	137904
1780795714757	1	31584	137904
1780795715069	1	31584	137904
1780795715392	1	31584	137904
1780795715718	1	31584	137904
1780795716046	1	31584	137904
1780795716371	1	31584	137904
1780795716689	1	31632	138272
1780795717019	1	31632	138272
1780795717349	1	31632	138272
1780795717672	1	31632	136464
1780795718002	1	31632	134928
1780795718333	1	31632	134928
1780795718665	1	31632	134928
1780795718989	1	31632	134928
1780795719316	1	31632	134928
1780795719641	1	31632	134928
1780795719970	1	31632	134928
1780795720295	1	31632	134928
1780795720622	1	31632	136192
1780795720950	1	31632	136192
1780795721270	1	31632	136192
1780795721594	1	31632	136192
1780795721923	1	31632	136192
1780795722247	1	31632	136192
1780795722573	1	31632	136192
1780795722900	1	31632	136192
1780795723221	1	31632	136192
1780795723550	1	31632	136192
1780795723883	1	31632	136192
1780795724196	1	31632	136816
1780795724505	1	31632	136816
1780795724830	1	31632	136816
1780795725166	1	31632	136816
1780795725498	1	31632	136816
1780795725834	1	31632	136816
1780795726169	1	31632	136816
1780795726497	1	31632	136816
1780795726820	1	31632	136816
1780795727153	1	31632	136816
1780795727476	1	31632	137152
1780795727805	1	31632	137152
1780795728132	1	31632	137152
1780795728457	1	31632	137152
1780795728784	1	31632	137152
1780795729111	1	31632	137152
1780795729434	1	31632	137152
1780795729764	1	31632	137152
1780795730099	1	31632	137152
1780795730427	1	31632	137152
1780795730756	1	31632	137152
1780795731087	1	31632	130464
1780795731424	1	31632	130464
1780795731755	1	31632	130464
1780795732073	1	31632	130464
1780795732394	1	31632	130464
1780795732725	1	31632	130464
1780795733042	1	31632	130464
1780795733369	1	31632	130464
1780795733701	1	31632	130464
1780795734028	1	31632	130464
1780795734348	1	31632	130464
1780795734670	1	31664	130656
1780795734998	1	31664	130656
1780795735324	1	31664	130656
1780795735647	1	31664	130656
1780795735969	1	31664	130656
1780795736293	1	31664	130656
1780795736620	1	31664	130656
1780795736941	1	31664	130656
1780795737263	1	31664	130656
1780795737587	1	31664	130656
1780795737919	1	31664	130656
1780795738237	1	31664	133248
1780795738547	1	31664	133248
1780795738860	1	31664	133248
1780795739184	1	31664	133248
1780795739500	1	31664	133248
1780795739823	1	31664	133248
1780795740144	1	31664	133248
1780795740457	1	31664	133248
1780795740769	1	31664	133248
1780795741089	1	31664	133248
1780795741412	1	31664	133248
1780795741731	1	31664	133248
1780795742042	1	31664	133248
1780795742361	1	31664	133248
1780795742693	1	31664	133248
1780795743026	1	31680	130048
1780795743351	1	31680	130048
1780795743676	1	31680	130048
1780795744006	1	31680	130048
1780795744337	1	31680	130048
1780795744666	1	31680	130048
1780795744987	1	31680	130048
1780795745314	1	31680	130048
1780795745638	1	31680	130048
1780795745957	1	31680	130048
1780795746284	1	31680	130048
1780795746602	1	31712	130304
1780795746914	1	31712	130304
1780795747235	1	31712	130304
1780795747562	1	31712	130304
1780795747896	1	31712	130304
1780795748232	1	31712	130304
1780795748559	1	31712	130304
1780795748892	1	31712	130304
1780795749227	1	31712	130304
1780795749564	1	31712	130304
