ms	node_rss_kb	runner_rss_kb	total_rss_kb
1780794927944	3072	0	3072
1780794928102	5648	0	5648
1780794928257	0	0	0
1780794928402	0	0	0
1780794928551	0	0	0
1780794928702	0	0	0
1780794928850	0	0	0
1780794928998	0	0	0
1780794929150	0	0	0
1780794929294	0	0	0
1780794929444	0	0	0
1780794929595	0	0	0
1780794929749	0	0	0
1780794929903	0	0	0
1780794930064	0	0	0
1780794930220	0	0	0
1780794930370	0	0	0
1780794930520	0	0	0
1780794930670	0	0	0
1780794930821	0	0	0
1780794930973	0	0	0
1780794931123	0	0	0
1780794931277	0	0	0
1780794931428	0	0	0
1780794931578	0	0	0
1780794931727	0	0	0
1780794931876	0	0	0
1780794932027	0	0	0
1780794932178	0	0	0
1780794932327	0	0	0
1780794932474	0	0	0
1780794932622	0	0	0
1780794932773	0	0	0
1780794932923	0	0	0
1780794933070	0	0	0
1780794933218	0	0	0
1780794933369	0	0	0
